{
  "version": 1,
  "author": "Julia Aldrovandi Ferreira",
  "editor": "wokwi",
  "parts": [
    {
      "type": "wokwi-breadboard-half",
      "id": "bb1",
      "top": -60.6,
      "left": -198.8,
      "attrs": { "color": "#eeefed" }
    },
    { "type": "board-esp32-devkit-c-v4", "id": "esp", "top": -86.4, "left": 196.84, "attrs": {} },
    {
      "type": "wokwi-lcd1602",
      "id": "lcd1",
      "top": -243.2,
      "left": 101.6,
      "attrs": { "pins": "i2c" }
    },
    {
      "type": "wokwi-dht22",
      "id": "dht1",
      "top": -249.3,
      "left": -187.8,
      "attrs": { "temperature": "80" }
    },
    { "type": "wokwi-potentiometer", "id": "pot1", "top": -202.9, "left": -29, "attrs": {} },
    { "type": "wokwi-potentiometer", "id": "pot2", "top": -202.9, "left": -115.4, "attrs": {} },
    {
      "type": "wokwi-resistor",
      "id": "r1",
      "top": 71.15,
      "left": -153.6,
      "attrs": { "value": "220" }
    },
    {
      "type": "wokwi-led",
      "id": "led1",
      "top": 66.4,
      "left": -267.4,
      "rotate": 270,
      "attrs": { "color": "green" }
    }
  ],
  "connections": [
    [ "esp:TX", "$serialMonitor:RX", "", [] ],
    [ "esp:RX", "$serialMonitor:TX", "", [] ],
    [ "esp:3V3", "bb1:tp.25", "red", [ "h0" ] ],
    [ "esp:GND.1", "bb1:tn.25", "black", [ "h-9.45", "v-115.2", "h-97.6" ] ],
    [ "pot2:SIG", "esp:34", "yellow", [ "v38.4", "h230", "v76.8" ] ],
    [ "pot2:GND", "bb1:tn.8", "black", [ "v0" ] ],
    [ "pot2:VCC", "bb1:tp.10", "red", [ "v0" ] ],
    [ "pot1:GND", "bb1:tn.16", "black", [ "v0" ] ],
    [ "pot1:VCC", "bb1:tp.17", "red", [ "v0" ] ],
    [ "dht1:GND", "bb1:tn.2", "black", [ "v96.1" ] ],
    [ "lcd1:GND", "bb1:tn.21", "black", [ "h0" ] ],
    [ "lcd1:VCC", "bb1:tp.22", "red", [ "h0" ] ],
    [ "dht1:VCC", "bb1:tp.2", "red", [ "v0" ] ],
    [ "bb1:tp.1", "bb1:bp.1", "red", [ "h-17.6", "v174" ] ],
    [ "bb1:tn.1", "bb1:bn.1", "black", [ "h-27.2", "v174" ] ],
    [ "lcd1:SDA", "esp:21", "yellow", [ "h-48", "v-86.2", "h384", "v268.8" ] ],
    [ "esp:22", "lcd1:SCL", "cyan", [ "h124.8", "v-249.6", "h-374.4", "v105.3" ] ],
    [ "pot1:SIG", "esp:35", "yellow", [ "v57.6", "h134", "v67.2" ] ],
    [ "led1:A", "bb1:3b.i", "green", [ "h0" ] ],
    [ "bb1:9b.i", "esp:12", "green", [ "h278.4", "v-28.8" ] ],
    [ "led1:C", "bb1:bn.2", "black", [ "h0" ] ],
    [ "esp:15", "dht1:SDA", "yellow", [ "h38.4", "v86.4", "h-681.6", "v-288", "h182.3" ] ],
    [ "r1:1", "bb1:3b.h", "", [ "$bb" ] ],
    [ "r1:2", "bb1:9b.h", "", [ "$bb" ] ]
  ],
  "dependencies": {}
}